kwmobile-Enchufe-Adaptador-UK-EU-Adaptadores/dp/B07GS6H4MK/,
LAND-FOX-Vestidos-Chaleco-Camisetas-Camisas/dp/B07CBHWPJ5/,
POLP-Beb%C3%A9-Monos-Vaqueros-Fotografia/dp/B07H1DYSTK/,
Enchufe-Inteligente-OxaOxe-Control-Temporizador/dp/B07KP7CXZ3/,
Hama-108884-Adaptador-enchufe-el%C3%A9ctrico/dp/B00EJLTNAY/,
alimentaci%C3%B3n-universal-conmutaci%C3%B3n-seleccionables-electr%C3%B3nicos/dp/B07BKVWKWV/,
Beatie-Inteligente-Conector-Cargador-m%C3%BAltiples/dp/B07JBWYX6N/,
kwmobile-adaptadores-Viaje-para-Australia/dp/B076B8CN9L/,
kwmobile-Adaptadores-Viaje-Australia-Tipo/dp/B07DWC8FF3/,
Zapatillas-JiaMeng-Zapatos-Transpirables-Antideslizante/dp/B07FTP8TZG/,
BaZhaHei-Ropa-interior-Lencer%C3%ADa-Babydoll/dp/B07LG5N9QR/,
kwmobile-adaptadores-Viaje-para-USA/dp/B0769TY6GJ/,
diamantes-diamante-cuadradas-decoraci%C3%B3n-mariposas/dp/B07H3MHCZD/,
Neuftech-Universal-Adaptador-convertidor-Enchufe/dp/B014IS97W6/,
Vestidos-Ni%C3%B1a-POLP-Elegante-Princesa/dp/B07FJV1SZG/,
Neuftech-adaptador-enchufe-Europa-americanos/dp/B074CW6NMM/,
Unidapt-Adaptador-Conversor-Americano-Corriente/dp/B077W1CGHG/,
multiconectores-europeos-adaptador-distribuci%C3%B3n-contacto/dp/B074DWDGDB/,
Adaptador-Universal-Breta%C3%B1a-Inglaterra-Londres/dp/B07K7YBGB5/,
Amlaiworld-Mujer-Elegantes-Brillante-Lentejuelas/dp/B07M92L72N/,
JANBOTEK-Enchufe-Rizador-Protecci%C3%B3n-Sobrecargas/dp/B07JZBHGYX/,
CSL-Enchufe-corriente-m%C3%A1xima-Corriente/dp/B07G23ZJVB/,
Pantalones-Impermeables-Resistente-pantalones-impermeable/dp/B07KLMM8Y2/,
Adaptador-Enchufe-Fusibles-Universal-Internacional/dp/B01JFSR15Y/,
Adaptador-Enchufe-HUANUO-Universal-Internacional/dp/B07CNGRWX2/,
Adaptador-universal-EE-UU-el%C3%A9ctrica-color-blanco/dp/B077S1Q1BK/,
Cargador-Adaptador-Alimentaci%C3%B3n-Nintendo-consola/dp/B01GZP0RGU/,
ChannelExpert-Adaptador-corriente-Australia-Estados/dp/B00F5QJ348/,
BaZhaHei-Zapatillas-Zapatillas-Transpirable-Casuales-Deportivos/dp/B07HYS1594/,
VGUARD-Adaptador-Internacional-Smartphones-Reproductores/dp/B074QL1NH2/,
kwmobile-adaptadores-Viaje-para-Sud%C3%A1frica/dp/B076B3CL3D/,
VGUARD-Adaptador-Internacional-Smartphones-Reproductores/dp/B074QJ15ZZ/,
kwmobile-Enchufe-Adaptador-UK-EU-Viajes/dp/B073CPDT5T/,
Darringls-Chaqueta-Invierno-Cardigan-Terciopelo/dp/B07KQC8CSN/,
Neuftech-Universal-Adaptador-convertidor-Tailandia/dp/B073XHYWLY/,
Neuftech-universal-Adaptador-Plug-Tailandia/dp/B012FXND5S/,
Adaptador-LENCENT-Internacional-Ordenadores-Port%C3%A1tiles/dp/B07B9YZBDQ/,
Adaptador-Universal-Breta%C3%B1a-Inglaterra-Londres/dp/B07GSJCFHG/,
kwmobile-Adaptadores-Viaje-para-EEUU/dp/B07DW6HJ23/,
iVoler-4-Unidades-Adaptadores-Compactos-Inglaterra/dp/B07JG8S6QT/,
Aukru-Cargador-2-1mm-Nintendo-Classic/dp/B0753ZFDKL/,
Pantalones-Polainas-Casuales-El%C3%A1sticos-Joggings/dp/B07K27ZM99/,
VGUARD-Universal-Adaptadores-Tailandia-Sucesivamente/dp/B07C5MW9Q2/,
VGUARD-Adaptador-Internacional-Smartphones-Reproductores/dp/B07CB7ZKPJ/,
Incutex-adaptadores-Inglaterra-Schuko-Europa/dp/B01HDLHYLQ/,
SoulBay-Universal-Adaptador-Alimentaci%C3%B3n-Conectores/dp/B07F73CH5G/,
FAST-PACK-fastbpack-adaptador-Mochila-Suitcase/dp/B07D41LR5J/,
kwmobile-Adaptadores-Viaje-Tipo-Conectores/dp/B07DPSHL2C/,
MEIbax-Sudaderas-Mujer-Tortuga-Invierno/dp/B07KYMGQ2P/,
Elegante-Colorido-Sudaderas-Camisetas-Abrigos/dp/B07KGF172M/,
Elegante-Colorido-Sudaderas-Camisetas-Abrigos/dp/B07KGF172M/,
kwmobile-Enchufe-Adaptador-UK-EU-Adaptadores/dp/B07GS6H4MK/,
LAND-FOX-Vestidos-Chaleco-Camisetas-Camisas/dp/B07CBHWPJ5/,
POLP-Beb%C3%A9-Monos-Vaqueros-Fotografia/dp/B07H1DYSTK/,
Enchufe-Inteligente-OxaOxe-Control-Temporizador/dp/B07KP7CXZ3/,
Hama-108884-Adaptador-enchufe-el%C3%A9ctrico/dp/B00EJLTNAY/,
alimentaci%C3%B3n-universal-conmutaci%C3%B3n-seleccionables-electr%C3%B3nicos/dp/B07BKVWKWV/,
Beatie-Inteligente-Conector-Cargador-m%C3%BAltiples/dp/B07JBWYX6N/,
kwmobile-adaptadores-Viaje-para-Australia/dp/B076B8CN9L/,
kwmobile-Adaptadores-Viaje-Australia-Tipo/dp/B07DWC8FF3/,
Zapatillas-JiaMeng-Zapatos-Transpirables-Antideslizante/dp/B07FTP8TZG/,
BaZhaHei-Ropa-interior-Lencer%C3%ADa-Babydoll/dp/B07LG5N9QR/,
kwmobile-adaptadores-Viaje-para-USA/dp/B0769TY6GJ/,
diamantes-diamante-cuadradas-decoraci%C3%B3n-mariposas/dp/B07H3MHCZD/,
Neuftech-Universal-Adaptador-convertidor-Enchufe/dp/B014IS97W6/,
Vestidos-Ni%C3%B1a-POLP-Elegante-Princesa/dp/B07FJV1SZG/,
Neuftech-adaptador-enchufe-Europa-americanos/dp/B074CW6NMM/,
Unidapt-Adaptador-Conversor-Americano-Corriente/dp/B077W1CGHG/,
multiconectores-europeos-adaptador-distribuci%C3%B3n-contacto/dp/B074DWDGDB/,
Adaptador-Universal-Breta%C3%B1a-Inglaterra-Londres/dp/B07K7YBGB5/,
Amlaiworld-Mujer-Elegantes-Brillante-Lentejuelas/dp/B07M92L72N/,
JANBOTEK-Enchufe-Rizador-Protecci%C3%B3n-Sobrecargas/dp/B07JZBHGYX/,
CSL-Enchufe-corriente-m%C3%A1xima-Corriente/dp/B07G23ZJVB/,
Pantalones-Impermeables-Resistente-pantalones-impermeable/dp/B07KLMM8Y2/,
Adaptador-Enchufe-Fusibles-Universal-Internacional/dp/B01JFSR15Y/,
Adaptador-Enchufe-HUANUO-Universal-Internacional/dp/B07CNGRWX2/,
Adaptador-universal-EE-UU-el%C3%A9ctrica-color-blanco/dp/B077S1Q1BK/,
Cargador-Adaptador-Alimentaci%C3%B3n-Nintendo-consola/dp/B01GZP0RGU/,
ChannelExpert-Adaptador-corriente-Australia-Estados/dp/B00F5QJ348/,
BaZhaHei-Zapatillas-Zapatillas-Transpirable-Casuales-Deportivos/dp/B07HYS1594/,
VGUARD-Adaptador-Internacional-Smartphones-Reproductores/dp/B074QL1NH2/,
kwmobile-adaptadores-Viaje-para-Sud%C3%A1frica/dp/B076B3CL3D/,
VGUARD-Adaptador-Internacional-Smartphones-Reproductores/dp/B074QJ15ZZ/,
kwmobile-Enchufe-Adaptador-UK-EU-Viajes/dp/B073CPDT5T/,
Darringls-Chaqueta-Invierno-Cardigan-Terciopelo/dp/B07KQC8CSN/,
Neuftech-Universal-Adaptador-convertidor-Tailandia/dp/B073XHYWLY/,
Neuftech-universal-Adaptador-Plug-Tailandia/dp/B012FXND5S/,
Adaptador-LENCENT-Internacional-Ordenadores-Port%C3%A1tiles/dp/B07B9YZBDQ/,
Adaptador-Universal-Breta%C3%B1a-Inglaterra-Londres/dp/B07GSJCFHG/,
kwmobile-Adaptadores-Viaje-para-EEUU/dp/B07DW6HJ23/,
iVoler-4-Unidades-Adaptadores-Compactos-Inglaterra/dp/B07JG8S6QT/,
Aukru-Cargador-2-1mm-Nintendo-Classic/dp/B0753ZFDKL/,
Pantalones-Polainas-Casuales-El%C3%A1sticos-Joggings/dp/B07K27ZM99/,
VGUARD-Universal-Adaptadores-Tailandia-Sucesivamente/dp/B07C5MW9Q2/,
VGUARD-Adaptador-Internacional-Smartphones-Reproductores/dp/B07CB7ZKPJ/,
Incutex-adaptadores-Inglaterra-Schuko-Europa/dp/B01HDLHYLQ/,
SoulBay-Universal-Adaptador-Alimentaci%C3%B3n-Conectores/dp/B07F73CH5G/,
FAST-PACK-fastbpack-adaptador-Mochila-Suitcase/dp/B07D41LR5J/,
kwmobile-Adaptadores-Viaje-Tipo-Conectores/dp/B07DPSHL2C/,
MEIbax-Sudaderas-Mujer-Tortuga-Invierno/dp/B07KYMGQ2P/,
Elegante-Colorido-Sudaderas-Camisetas-Abrigos/dp/B07KGF172M/,
Elegante-Colorido-Sudaderas-Camisetas-Abrigos/dp/B07KGF172M/,
Adaptador-Universal-Internacional-Smartphones-Reproductores/dp/B01L6ZW582/,
Brennenstuhl-1508530-Adaptador-de-viaje/dp/B000WH0ODY/,
kwmobile-adaptadores-Viaje-compactos-Inglaterra/dp/B01L7O5Z70/,
Incutex-adaptadores-Inglaterra-Schuko-Europa/dp/B01HDOGJWS/,
Enchufe-Inteligente-OxaOxe-Compatible-Temporizador/dp/B07G2JGYND/,
Adaptador-Universal-Seguridad-Smartphones-Reproductores/dp/B01L6ZW5LO/,
Legrand-050511-Adaptador-Enchufe-Frontal/dp/B01N361EVX/,
VGUARD-Universal-Adaptadores-Tailandia-Sucesivamente/dp/B074QLTGB3/,
Adaptador-Universal-Internacional-Smartphones-Reproductores/dp/B074T7QRSY/,
ADAPTADOR-CONVERSOR-ENCHUFE-AMERICANO-CONECTOR/dp/B00F34I1DG/,
Adaptador-Blanco-Enchufe-Europeo-Universal/dp/B071W8V6DF/,
Aukru-Universal-Adaptador-Enchufe-Europeo/dp/B0133341R8/,
Universal-Adaptador-Internacional-Smartphones-Reproductores/dp/B01L6ZW6VS/,
AmazonBasics-alimentaci%C3%B3n-conectores-intercambiables-reversible/dp/B07DNKMRP3/,
iVoler-3-Unidades-Adaptadores-Compactos-Inglaterra/dp/B078H193WX/,
BaZhaHei-Jersey-murci%C3%A9lago-Invierno-Camisetas-Cardigan/dp/B07JDVSP2W/,
Adaptador-Enchufe-Europeo-Schuko-Universal/dp/B01N2YLUFY/,
Adaptadores-corriente-Francia-el%C3%A9ctrica-color-blanco/dp/B0753SR1RR/,
Schuko-Clavija-Enchufe-Adaptador-Blanco/dp/B008CS0110/,
Neuftech-adaptador-enchufe-Europa-americanos/dp/B00LTN2SNY/,
Adaptador-Conversor-Americano-conector-Cablepelado%C2%AE/dp/B079VSHH4C/,
adaptador-enchufe-Europa-americanos-Canad%C3%A1/dp/B06XYNFM31/,
kwmobile-Adaptadores-Viaje-Australia-Tipo/dp/B07DW5TL7P/,
Aukru-Adaptador-Universal-Enchufe-Plug/dp/B077X4W5FC/,
kwmobile-Adaptadores-Enchufe-Europa-EE-UU/dp/B00F9AM5EK/,
kwmobile-Adaptadores-Viaje-Tipo-Conectores/dp/B07CGJ5N4Y/,
Adaptador-Enchufe-Americano-Salida-Europeo/dp/B07CGJ2JCK/,
Legrand-050664-Adaptador-Enchufe-Triple/dp/B06XGG7B9J/,
kwmobile-adaptadores-Viaje-compactos-Inglaterra/dp/B06Y67ZKFL/,
Zeuste-Adaptador-Universal-Compatible-Smartphones/dp/B07HQF8DCK/,
LAND-FOX-Alimentaci%C3%B3n-Universal-Conectores-Adaptador/dp/B07DWW6KXV/,
inteligente-protecci%C3%B3n-sobrecarga-cortocircuito-constante/dp/B013SD5CMQ/,
Legrand-050512-Adaptador-Enchufe-Frontal/dp/B01N24GD97/,
Port%C3%A1til-Universal-Adaptador-Cargador-tel%C3%A9fono/dp/B07FYNDMRV/,
Neuftech-adaptador-Conector-conector-Estados/dp/B0118PYDJY/,
Adaptador-Enchufe-Redondo-Clavija-Americano/dp/B00XBTRBS6/,
JiaMeng-Invierno-Caliente-Camiseta-Redondo/dp/B07G1829NL/,
VGUARD-6-Unidades-Adaptadores-Enchufe-Alemania/dp/B07JW9RGSQ/,
Aukru%C2%AE-1000mA-alimentador-Cargador-Arduino/dp/B00MVLJ6NI/,
Amlaiworld-Lencer%C3%ADa-Mujer-Sexy-Tentaci%C3%B3n/dp/B07L8G8FSQ/,
kwmobile-Adaptadores-Viaje-para-EEUU/dp/B07DWCF4DH/,
Adaptador-BESTEK-Transformador-Multiprotecci%C3%B3n-Convertidor/dp/B071XZ8ZMV/,
El%C3%A1sticos-pantalones-Pantalones-mujer-el%C3%A1sticos/dp/B07KRCSF4C/,
Adaptador-Enchufe-Universal-Compacto-generaci%C3%B3n/dp/B07KCNBCK2/,
Adaptador-Adaptadores-corriente-Internacionales-Convertidores/dp/B076F33KZ7/,
Allocacoc-1810-DERU4P-PowerCube-ReWirable/dp/B00NEHTYV2/,
Neuftech-Adaptador-Conector-Hembra-Estados/dp/B073XH6FP2/,
PChero-alimentaci%C3%B3n-conmutada-universal-electr%C3%B3nica/dp/B079P8G5FX/,
VGUARD-Adaptador-Internacional-Smartphones-Reproductores/dp/B074QLXXH6/,
Unidades-VGUARD-Adaptador-Tailandia-Sucesivamente/dp/B074QJZ1ZJ/,
AERZETIX-Circuito-integrado-semiconductor-rectificador/dp/B00SMY4JAS/,
AGFRI-PAC-1800EU-Transformador-universal-inteligente/dp/B079NKHMLK/,
YAYZA-4-Paquete-Transformador-Conductor-Alimentaci%C3%B3n/dp/B01MT1FWY8/,
Aluminio-Interiores-alimentaci%C3%B3n-l%C3%A1mpara-CL150-W1V24/dp/B07FY8Y431/,
Puente-Rectificador-Rectifier-Electronica-Arduino/dp/B07B9X2H39/,
TOOGOO-Conductor-alimentacion-transformador-Lampara/dp/B016RGIHYG/,
Yeeco-Impermeable-Convertidor-Transformador-Alimentaci%C3%B3n/dp/B06XWRH3MS/,
Diodo-Cambio-autom%C3%A1tico-color-luminosidad/dp/B01LXIBSBF/,
Transformador-Convertidor-Iluminaci%C3%B3n-Alimentaci%C3%B3n-220VAC-DC12V/dp/B077CJGWVL/,
Monitoreo-Cargador-corriente-adaptador-Est%C3%A1ndares/dp/B077GMPXGB/,
100X-Resistencias-Pelicula-metalica-220/dp/B01LY5VCQH/,
100X-Resistencias-Pelicula-metalica-120/dp/B01LXU19PF/,
Diodo-Cambio-autom%C3%A1tico-color-luminosidad/dp/B07B5YDQ9F/,
Transformador-Alimentacion-MEANWELL-LPV-60-12-Impermeable/dp/B071HNTFSX/,
Alimentador-Electr%C3%B3nico-Universal-29V-2A/dp/B01AWMED4O/,
Stepper-Driver-Pololu-Impresora-stepstick/dp/B0716DHG5J/,
Stepper-Driver-Pololu-Impresora-stepstick/dp/B0716DHG5J/,
Puente-Rectificador-BR1010-Bridge-Rectifier/dp/B07B9VRDKW/,
anvision-adaptador-alimentaci%C3%B3n-divisor-eficiencia/dp/B01N7PRO4B/,
KRI%C3%8BGER-Transformador-convierte-admisible-Certificaci%C3%B3n/dp/B00HDRCGDW/,
2-Unidades-POOPHUNS-Resistentes-Definici%C3%B3n-dactilares/dp/B07D1HPD8B/,
Redrex-Conmutaci%C3%B3n-Alimentaci%C3%B3n-Transformador-Televisi%C3%B3n/dp/B01MZ24ZUP/,
SAIYU-Convertidor-Transformador-Impermeable-Conectores/dp/B075D845XT/,
SODIAL-Transformador-Corriente-220V-Resistente/dp/B00M4TY07E/,
IPOTCH-Convertidor-Corriente-Universal-Inversor/dp/B07BQN9ZFV/,
SODIAL-TRANSFORMADOR-240V-BOMBILLAS-MR16/dp/B00LVIMQ8O/,
Digital-Pantalla-Termostato-Regulador-Temperatura/dp/B00NXNGORY/,
TM-Electron-TMUAD038-Fuente-alimentaci%C3%B3n/dp/B071YFPPV1/,
Transformador-Convertidor-Iluminaci%C3%B3n-Interruptor-Alimentaci%C3%B3n/dp/B077CK3344/,
HiLetgo%C2%AE-Convertidor-regulador-estabilizador-alimentaci%C3%B3n/dp/B0797PDCJ3/,
AC100-240-Interruptor-Alimentaci%C3%B3n-Conmutaci%C3%B3n-Transformador/dp/B07K7KV7BY/,
AC100-240-Interruptor-Alimentaci%C3%B3n-Conmutaci%C3%B3n-Transformador/dp/B07K7KV7BY/,
Diodo-Rojo-alta-luminosidad-Lente/dp/B01LW094GQ/,
Transformador-Alimentacion-MEANWELL-LPH-18-24-Impermeable/dp/B0722XMY14/,
XKTTSUEERCRR-Alimentaci%C3%B3n-Transformador-cConvertidor-Vigilancia/dp/B07DQKM9P7/,
Yeeco-Impermeable-Convertidor-Alimentaci%C3%B3n-Transformador/dp/B01KFJHPN0/,
Transformador-Alimentacion-MEANWELL-LPH-18-12-Impermeable/dp/B071VM2P4R/,
Aluminio-Interiores-alimentaci%C3%B3n-l%C3%A1mpara-CPS100-W1V12/dp/B07FKMW2KM/,
Zerodis-Convertidor-Transformador-autom%C3%A1tico-Internacional/dp/B07CTFTLJS/,
Victron-Energy-ORI241205200R-Orion-Tr-Convertidor/dp/B01MUAWDD3/,
Transformador-Convertidor-Corriente-Coche-Display/dp/B01N025UUO/,
SODIAL-Transformador-Convertidor-Conversor-Adaptador/dp/B00LVP9V3U/,
Transformador-Convertidor-Iluminaci%C3%B3n-Interruptor-Alimentaci%C3%B3n/dp/B077CJ43QN/,
2-Paquete-Transformador-Controlador-Alimentaci%C3%B3n-Conmutada/dp/B01MRZRM5S/,
sourcingmap-Termostato-Controlador-Refrigerador-Posiciones/dp/B00LXB6JSM/,
Interruptor-inteligente-Interruptores-inteligentes-inal%C3%A1mbricos/dp/B07KWRM3KN/,
regulable-transformador-electr%C3%B3nico-Electronic-Transformer/dp/B00IWDUY5S/,
Rajotero-Teclado-Matriz-Membrana-matricial/dp/B07FF937SM/,
Convertidor-convertidor-adaptador-regulador-potencia/dp/B01ID90E3C/,
KKmoon-Module-Convertidor-Intensificar-Fuente-Alimentaci%C3%B3n-Alto-12-80V-Ajustable/dp/B06XGY11MM/,
Campingaz-203164-0-Transformador-230Vac-12Vc/dp/B000RXZ9LU/,
M%C3%B3dulo-carga-LTC3780-Automatic-Regulator/dp/B07DB6CQPJ/,
AERZETIX-Circuito-integrado-semiconductor-rectificador/dp/B00SMY4JAS/,
AGFRI-PAC-1800EU-Transformador-universal-inteligente/dp/B079NKHMLK/,
YAYZA-4-Paquete-Transformador-Conductor-Alimentaci%C3%B3n/dp/B01MT1FWY8/,
Aluminio-Interiores-alimentaci%C3%B3n-l%C3%A1mpara-CL150-W1V24/dp/B07FY8Y431/,
Puente-Rectificador-Rectifier-Electronica-Arduino/dp/B07B9X2H39/,
TOOGOO-Conductor-alimentacion-transformador-Lampara/dp/B016RGIHYG/,
Yeeco-Impermeable-Convertidor-Transformador-Alimentaci%C3%B3n/dp/B06XWRH3MS/,
Diodo-Cambio-autom%C3%A1tico-color-luminosidad/dp/B01LXIBSBF/,
Transformador-Convertidor-Iluminaci%C3%B3n-Alimentaci%C3%B3n-220VAC-DC12V/dp/B077CJGWVL/,
Monitoreo-Cargador-corriente-adaptador-Est%C3%A1ndares/dp/B077GMPXGB/,
100X-Resistencias-Pelicula-metalica-220/dp/B01LY5VCQH/,
100X-Resistencias-Pelicula-metalica-120/dp/B01LXU19PF/,
Diodo-Cambio-autom%C3%A1tico-color-luminosidad/dp/B07B5YDQ9F/,
Transformador-Alimentacion-MEANWELL-LPV-60-12-Impermeable/dp/B071HNTFSX/,
Alimentador-Electr%C3%B3nico-Universal-29V-2A/dp/B01AWMED4O/,
Stepper-Driver-Pololu-Impresora-stepstick/dp/B0716DHG5J/,
Stepper-Driver-Pololu-Impresora-stepstick/dp/B0716DHG5J/,
Puente-Rectificador-BR1010-Bridge-Rectifier/dp/B07B9VRDKW/,
anvision-adaptador-alimentaci%C3%B3n-divisor-eficiencia/dp/B01N7PRO4B/,
KRI%C3%8BGER-Transformador-convierte-admisible-Certificaci%C3%B3n/dp/B00HDRCGDW/,
2-Unidades-POOPHUNS-Resistentes-Definici%C3%B3n-dactilares/dp/B07D1HPD8B/,
Redrex-Conmutaci%C3%B3n-Alimentaci%C3%B3n-Transformador-Televisi%C3%B3n/dp/B01MZ24ZUP/,
SAIYU-Convertidor-Transformador-Impermeable-Conectores/dp/B075D845XT/,
SODIAL-Transformador-Corriente-220V-Resistente/dp/B00M4TY07E/,
IPOTCH-Convertidor-Corriente-Universal-Inversor/dp/B07BQN9ZFV/,
SODIAL-TRANSFORMADOR-240V-BOMBILLAS-MR16/dp/B00LVIMQ8O/,
Digital-Pantalla-Termostato-Regulador-Temperatura/dp/B00NXNGORY/,
TM-Electron-TMUAD038-Fuente-alimentaci%C3%B3n/dp/B071YFPPV1/,
Transformador-Convertidor-Iluminaci%C3%B3n-Interruptor-Alimentaci%C3%B3n/dp/B077CK3344/,
HiLetgo%C2%AE-Convertidor-regulador-estabilizador-alimentaci%C3%B3n/dp/B0797PDCJ3/,
AC100-240-Interruptor-Alimentaci%C3%B3n-Conmutaci%C3%B3n-Transformador/dp/B07K7KV7BY/,
AC100-240-Interruptor-Alimentaci%C3%B3n-Conmutaci%C3%B3n-Transformador/dp/B07K7KV7BY/,
Diodo-Rojo-alta-luminosidad-Lente/dp/B01LW094GQ/,
Transformador-Alimentacion-MEANWELL-LPH-18-24-Impermeable/dp/B0722XMY14/,
XKTTSUEERCRR-Alimentaci%C3%B3n-Transformador-cConvertidor-Vigilancia/dp/B07DQKM9P7/,
Yeeco-Impermeable-Convertidor-Alimentaci%C3%B3n-Transformador/dp/B01KFJHPN0/,
Transformador-Alimentacion-MEANWELL-LPH-18-12-Impermeable/dp/B071VM2P4R/,
Aluminio-Interiores-alimentaci%C3%B3n-l%C3%A1mpara-CPS100-W1V12/dp/B07FKMW2KM/,
Zerodis-Convertidor-Transformador-autom%C3%A1tico-Internacional/dp/B07CTFTLJS/,
Victron-Energy-ORI241205200R-Orion-Tr-Convertidor/dp/B01MUAWDD3/,
Transformador-Convertidor-Corriente-Coche-Display/dp/B01N025UUO/,
SODIAL-Transformador-Convertidor-Conversor-Adaptador/dp/B00LVP9V3U/,
Transformador-Convertidor-Iluminaci%C3%B3n-Interruptor-Alimentaci%C3%B3n/dp/B077CJ43QN/,
2-Paquete-Transformador-Controlador-Alimentaci%C3%B3n-Conmutada/dp/B01MRZRM5S/,
sourcingmap-Termostato-Controlador-Refrigerador-Posiciones/dp/B00LXB6JSM/,
Interruptor-inteligente-Interruptores-inteligentes-inal%C3%A1mbricos/dp/B07KWRM3KN/,
regulable-transformador-electr%C3%B3nico-Electronic-Transformer/dp/B00IWDUY5S/,
Rajotero-Teclado-Matriz-Membrana-matricial/dp/B07FF937SM/,
Convertidor-convertidor-adaptador-regulador-potencia/dp/B01ID90E3C/,
KKmoon-Module-Convertidor-Intensificar-Fuente-Alimentaci%C3%B3n-Alto-12-80V-Ajustable/dp/B06XGY11MM/,
Campingaz-203164-0-Transformador-230Vac-12Vc/dp/B000RXZ9LU/,
M%C3%B3dulo-carga-LTC3780-Automatic-Regulator/dp/B07DB6CQPJ/,
NEWSTYLE-Alimentacion-Transformador-Interruptor-Computadora/dp/B00MAC9MO6/,
Lixada-Transformador-Voltage-Alimentaci%C3%B3n-Interruptor/dp/B00ECW6K74/,
Navaris-transformador-timbre-Transformador-Instalaci%C3%B3n/dp/B07J2NWYC4/,
Transformador-Conversor-Tensi%C3%B3n-HQ-P-SUP-32-HQ/dp/B000MRY5CU/,
UEETEK-30pcs-Prototipo-mayor%C3%ADa-proyectos/dp/B071D81MR3/,
Transformador-generador-Accesorios-convertidor-Corriente/dp/B07JL9KLZ5/,
Rectificador-Adaptador-alimentaci%C3%B3n-Transformador-Convertidor/dp/B07BNYWKK8/,
FLAMEER-Resistor-Resistencia-Pel%C3%ADculas-Met%C3%A1licas/dp/B07J1KZ65G/,
GreenSo-Controlador-alimentaci%C3%B3n-transformador-AC100-240V/dp/B07JPJGPYH/,
Yeeco-Convertidor-Alimentaci%C3%B3n-Regulador-Electr%C3%B3nica/dp/B0152N2O7Q/,
inversor-corriente-2500w-modificada-transformador/dp/B01KT3B042/,
Bronson-AVT-1500-Transformador-Convertidor/dp/B007EB6QF6/,
Bronson-AVT-2000-Transformador-Convertidor/dp/B007EB7P4M/,
SUPERNIGHT-Transformer-Adjustable-Automotive-Electricity/dp/B079M9CHV9/,
Alimentacion-Transformador-Interruptor-Computadora-Impresora/dp/B0758BNMLH/,
Convertidor-SUPERNIGHT-Transformer-Adjustable-Electricity/dp/B079N8HCHB/,
Lixada-Transformador-Interruptor-Alimentaci%C3%B3n-100V%EF%BD%9E240V/dp/B013QWW4DO/,
1-Paquete-Transformador-Controlador-Alimentaci%C3%B3n-Conmutada/dp/B01MU30TCM/,
Bronson-TI-200-Transformador-Convertidor/dp/B07BG98F4K/,
Auforua%C2%AE-Estabilizado-Fuente-Alimentaci%C3%B3n-Transformador/dp/B075JDJN31/,
JOYLIT-AC100-Adaptador-corriente-transformador/dp/B071Y33BQ1/,
YAYZA-1-Paquete-Transformador-Conductor-Alimentaci%C3%B3n/dp/B01N1UPFWY/,
Hilitand-Inversor-Voltaje-Temperatura-ignici%C3%B3n/dp/B07D28LPPT/,
SM-SunniMix-Resistencia-Potencia-Cer%C3%A1mico/dp/B07L1VX1SJ/,
TecTake-Inversor-el%C3%A9ctrico-modificada-convertidor/dp/B019XPQAJM/,
Zerone-Regulador-Regulable-Convertidor-Alimentaci%C3%B3n/dp/B07FXJHP2Z/,
Convertidor-convertidor-adaptador-regulador-potencia/dp/B01ID90K4A/,
Transformador-Impulso-Voltaje-Generador-Tensi%C3%B3n/dp/B075RDP4BM/,
JOYLIT-AC100-Adaptador-corriente-transformador/dp/B06ZYQW8J1/,
4-Paquete-Transformador-Controlador-Alimentaci%C3%B3n-Conmutada/dp/B01N2WAJ18/,
50X-Resistencias-carb%C3%B3n-100-Ohm/dp/B01M31LCTS/,
YAYZA-2-Paquete-Transformador-Conductor-Alimentaci%C3%B3n/dp/B07828GM34/,
Euroconnex-CCTV04-Cablepelado-Alimentador-1-5A/dp/B01N9BWTRO/,
XKTTSUEERCRR-alimentaci%C3%B3n-transformador-convertidor-Automatizaci%C3%B3n/dp/B0722HCXTK/,
1-Paquete-Transformador-Controlador-Alimentaci%C3%B3n-Conmutada/dp/B01N1UPGHN/,
Puente-Rectificador-DB107-1000v-Unidades/dp/B07B9XJZ34/,
TOOGOO-Converter-Interruptor-Voltaje-bajada/dp/B00ZBRZOXA/,
JOYLIT-AC100-Adaptador-corriente-transformador/dp/B071RBK512/,
CUGLB-alimentaci%C3%B3n-universal-conectores-adaptador/dp/B01MYN1FJV/,
Bronson-TI-800-Transformador-Convertidor/dp/B07BGCCVFR/,
conversor-M%C3%B3dulo-Alimentaci%C3%B3n-Impulso-elevador/dp/B01G8PZ4WY/,
RPS-alimentador-Cargador-compatible-Arduino/dp/B07DMJ4F5Z/,
JoyNano-alimentaci%C3%B3n-transformador-convertidor-Automatizaci%C3%B3n/dp/B01G6W32YG/,
Akozon-Transformador-Adaptador-Convertidor-Alimentaci%C3%B3n/dp/B07F1F3K1T/,
Transformador-tensi%C3%B3n-220V-reversible-us-Tronic/dp/B00H43R9HI/,
Fityle-L%C3%A1mpara-Repuestos-Pulgadas-Accesorios/dp/B07L69TZHH/,
Transformador-Convertidor-Iluminaci%C3%B3n-Interruptor-Alimentaci%C3%B3n/dp/B077CMV3Z1/,
Yeeco-Impermeable-Alimentaci%C3%B3n-Transformador-Coche-Veh%C3%ADculo/dp/B06XWLCBD7/,
2-Paquete-Transformador-Controlador-Alimentaci%C3%B3n-Conmutada/dp/B078297YT1/,
AERZETIX-Circuito-integrado-semiconductor-rectificador/dp/B00SN4NTY4/,
